Category,Year,EV Sales,Type
E-2 Wheelers,2017,2005.0,Actual
E-2 Wheelers,2018,28007.0,Actual
E-2 Wheelers,2019,26834.0,Actual
E-2 Wheelers,2020,44803.0,Actual
E-2 Wheelers,2021,252642.0,Actual
E-2 Wheelers,2022,728054.0,Actual
E-2 Wheelers,2023,944126.0,Actual
E-3 Wheelers,2017,91970.0,Actual
E-3 Wheelers,2018,116031.0,Actual
E-3 Wheelers,2019,143051.0,Actual
E-3 Wheelers,2020,90898.0,Actual
E-3 Wheelers,2021,172543.0,Actual
E-3 Wheelers,2022,401882.0,Actual
E-3 Wheelers,2023,632485.0,Actual
E-4 Wheelers,2017,1204.0,Actual
E-4 Wheelers,2018,1885.0,Actual
E-4 Wheelers,2019,2377.0,Actual
E-4 Wheelers,2020,5154.0,Actual
E-4 Wheelers,2021,18622.0,Actual
E-4 Wheelers,2022,47499.0,Actual
E-4 Wheelers,2023,90432.0,Actual
E-Buses,2017,19.0,Actual
E-Buses,2018,66.0,Actual
E-Buses,2019,434.0,Actual
E-Buses,2020,373.0,Actual
E-Buses,2021,1194.0,Actual
E-Buses,2022,1984.0,Actual
E-Buses,2023,3693.0,Actual
Grand Total,2017,95198.0,Actual
Grand Total,2018,145989.0,Actual
Grand Total,2019,172696.0,Actual
Grand Total,2020,141228.0,Actual
Grand Total,2021,445001.0,Actual
Grand Total,2022,1179419.0,Actual
Grand Total,2023,1670736.0,Actual
(Figure in Nos.),2017,0.0,Actual
(Figure in Nos.),2018,0.0,Actual
(Figure in Nos.),2019,0.0,Actual
(Figure in Nos.),2020,0.0,Actual
(Figure in Nos.),2021,0.0,Actual
(Figure in Nos.),2022,0.0,Actual
(Figure in Nos.),2023,0.0,Actual
E-2 Wheelers,2017,33480.26171875,Predicted
E-2 Wheelers,2018,-28523.071533203125,Predicted
E-2 Wheelers,2019,-2121.285675048828,Predicted
E-2 Wheelers,2020,112685.61911010742,Predicted
E-2 Wheelers,2021,315897.64291381836,Predicted
E-2 Wheelers,2022,607514.7857971191,Predicted
E-2 Wheelers,2023,987537.0476379395,Predicted
E-2 Wheelers,2024,1455964.4285583496,Predicted
E-2 Wheelers,2025,2012796.9284362793,Predicted
E-2 Wheelers,2026,2658034.5473632812,Predicted
E-2 Wheelers,2027,3391677.2853393555,Predicted
E-2 Wheelers,2028,4213725.142242432,Predicted
E-3 Wheelers,2017,135013.97608947754,Predicted
E-3 Wheelers,2018,76784.35710144043,Predicted
E-3 Wheelers,2019,73600.00003051758,Predicted
E-3 Wheelers,2020,125460.90481567383,Predicted
E-3 Wheelers,2021,232367.07150268555,Predicted
E-3 Wheelers,2022,394318.50004577637,Predicted
E-3 Wheelers,2023,611315.1905059814,Predicted
E-3 Wheelers,2024,883357.1428222656,Predicted
E-3 Wheelers,2025,1210444.3570404053,Predicted
E-3 Wheelers,2026,1592576.8331298828,Predicted
E-3 Wheelers,2027,2029754.5711212158,Predicted
E-3 Wheelers,2028,2521977.570968628,Predicted
E-4 Wheelers,2017,5982.119010925293,Predicted
E-4 Wheelers,2018,-2915.071449279785,Predicted
E-4 Wheelers,2019,-2894.0000038146973,Predicted
E-4 Wheelers,2020,6045.333339691162,Predicted
E-4 Wheelers,2021,23902.928581237793,Predicted
E-4 Wheelers,2022,50678.785736083984,Predicted
E-4 Wheelers,2023,86372.90478134155,Predicted
E-4 Wheelers,2024,130985.28572845459,Predicted
E-4 Wheelers,2025,184515.9285812378,Predicted
E-4 Wheelers,2026,246964.83333969116,Predicted
E-4 Wheelers,2027,318331.9999923706,Predicted
E-4 Wheelers,2028,398617.4285469055,Predicted
E-Buses,2017,160.88095211982727,Predicted
E-Buses,2018,-6.571428537368774,Predicted
E-Buses,2019,116.07142889499664,Predicted
E-Buses,2020,528.8095239400864,Predicted
E-Buses,2021,1231.6428573131561,Predicted
E-Buses,2022,2224.5714284181595,Predicted
E-Buses,2023,3507.5952377319336,Predicted
E-Buses,2024,5080.714285135269,Predicted
E-Buses,2025,6943.928570151329,Predicted
E-Buses,2026,9097.238093495369,Predicted
E-Buses,2027,11540.642854809761,Predicted
E-Buses,2028,14274.142853856087,Predicted
Grand Total,2017,174637.23748779297,Predicted
Grand Total,2018,45339.642578125,Predicted
Grand Total,2019,68700.78564453125,Predicted
Grand Total,2020,244720.66680908203,Predicted
Grand Total,2021,573399.2860107422,Predicted
Grand Total,2022,1054736.6431884766,Predicted
Grand Total,2023,1688732.7384643555,Predicted
Grand Total,2024,2475387.5717773438,Predicted
Grand Total,2025,3414701.1431274414,Predicted
Grand Total,2026,4506673.452514648,Predicted
Grand Total,2027,5751304.499938965,Predicted
Grand Total,2028,7148594.285522461,Predicted
(Figure in Nos.),2017,0.0,Predicted
(Figure in Nos.),2018,0.0,Predicted
(Figure in Nos.),2019,0.0,Predicted
(Figure in Nos.),2020,0.0,Predicted
(Figure in Nos.),2021,0.0,Predicted
(Figure in Nos.),2022,0.0,Predicted
(Figure in Nos.),2023,0.0,Predicted
(Figure in Nos.),2024,0.0,Predicted
(Figure in Nos.),2025,0.0,Predicted
(Figure in Nos.),2026,0.0,Predicted
(Figure in Nos.),2027,0.0,Predicted
(Figure in Nos.),2028,0.0,Predicted
