Category,Year,Sales,Type
Passenger Vehicles,2018,3377389.0,Actual
Passenger Vehicles,2019,2773519.0,Actual
Passenger Vehicles,2020,2711457.0,Actual
Passenger Vehicles,2021,3069523.0,Actual
Passenger Vehicles,2022,3890114.0,Actual
Passenger Vehicles,2023,0.0,Actual
Commercial Vehicles,2018,1007311.0,Actual
Commercial Vehicles,2019,717593.0,Actual
Commercial Vehicles,2020,568559.0,Actual
Commercial Vehicles,2021,716566.0,Actual
Commercial Vehicles,2022,962468.0,Actual
Commercial Vehicles,2023,967878.0,Actual
Three Wheelers,2018,701005.0,Actual
Three Wheelers,2019,637065.0,Actual
Three Wheelers,2020,219446.0,Actual
Three Wheelers,2021,261385.0,Actual
Three Wheelers,2022,488768.0,Actual
Three Wheelers,2023,691749.0,Actual
Two Wheelers,2018,21179847.0,Actual
Two Wheelers,2019,17416432.0,Actual
Two Wheelers,2020,15120783.0,Actual
Two Wheelers,2021,13570008.0,Actual
Two Wheelers,2022,15862087.0,Actual
Two Wheelers,2023,17974365.0,Actual
Quadricycles,2018,627.0,Actual
Quadricycles,2019,942.0,Actual
Quadricycles,2020,0.0,Actual
Quadricycles,2021,124.0,Actual
Quadricycles,2022,725.0,Actual
Quadricycles,2023,725.0,Actual
Grand Total,2018,26266179.0,Actual
Grand Total,2019,21545551.0,Actual
Grand Total,2020,18620233.0,Actual
Grand Total,2021,17617606.0,Actual
Grand Total,2022,21204162.0,Actual
Grand Total,2023,23853463.0,Actual
Passenger Vehicles,2018,2810470.858642578,Predicted
Passenger Vehicles,2019,3355397.3146972656,Predicted
Passenger Vehicles,2020,3439587.771118164,Predicted
Passenger Vehicles,2021,3063042.227783203,Predicted
Passenger Vehicles,2022,2225760.6849365234,Predicted
Passenger Vehicles,2023,927743.142578125,Predicted
Passenger Vehicles,2024,-831010.3995361328,Predicted
Passenger Vehicles,2025,-3050499.9411621094,Predicted
Passenger Vehicles,2026,-5730725.482299805,Predicted
Passenger Vehicles,2027,-8871687.02319336,Predicted
Passenger Vehicles,2028,-12473384.563842773,Predicted
Commercial Vehicles,2018,956302.0002441406,Predicted
Commercial Vehicles,2019,757645.0573120117,Predicted
Commercial Vehicles,2020,668108.9715270996,Predicted
Commercial Vehicles,2021,687693.7428588867,Predicted
Commercial Vehicles,2022,816399.371307373,Predicted
Commercial Vehicles,2023,1054225.856842041,Predicted
Commercial Vehicles,2024,1401173.1994628906,Predicted
Commercial Vehicles,2025,1857241.399230957,Predicted
Commercial Vehicles,2026,2422430.45602417,Predicted
Commercial Vehicles,2027,3096740.3699645996,Predicted
Commercial Vehicles,2028,3880171.1410217285,Predicted
Three Wheelers,2018,765003.6784667969,Predicted
Three Wheelers,2019,472553.2644042969,Predicted
Three Wheelers,2020,319910.45721435547,Predicted
Three Wheelers,2021,307075.2572631836,Predicted
Three Wheelers,2022,434047.66424560547,Predicted
Three Wheelers,2023,700827.6784057617,Predicted
Three Wheelers,2024,1107415.2994995117,Predicted
Three Wheelers,2025,1653810.527709961,Predicted
Three Wheelers,2026,2340013.362915039,Predicted
Three Wheelers,2027,3166023.8052978516,Predicted
Three Wheelers,2028,4131841.854614258,Predicted
Two Wheelers,2018,21283613.24609375,Predicted
Two Wheelers,2019,17238908.606445312,Predicted
Two Wheelers,2020,14898824.571777344,Predicted
Two Wheelers,2021,14263361.14453125,Predicted
Two Wheelers,2022,15332518.322265625,Predicted
Two Wheelers,2023,18106296.107910156,Predicted
Two Wheelers,2024,22584694.498535156,Predicted
Two Wheelers,2025,28767713.49609375,Predicted
Two Wheelers,2026,36655353.099121094,Predicted
Two Wheelers,2027,46247613.30957031,Predicted
Two Wheelers,2028,57544494.12548828,Predicted
Quadricycles,2018,800.1071423888206,Predicted
Quadricycles,2019,470.6928570866585,Predicted
Quadricycles,2020,305.45714300870895,Predicted
Quadricycles,2021,304.4000001549721,Predicted
Quadricycles,2022,467.5214287042618,Predicted
Quadricycles,2023,794.8214285373688,Predicted
Quadricycles,2024,1286.2999997138977,Predicted
Quadricycles,2025,1941.957142174244,Predicted
Quadricycles,2026,2761.792855858803,Predicted
Quadricycles,2027,3745.8071409463882,Predicted
Quadricycles,2028,4893.999997258186,Predicted
Grand Total,2018,26268198.384765625,Predicted
Grand Total,2019,21372963.345703125,Predicted
Grand Total,2020,18724054.771484375,Predicted
Grand Total,2021,18321472.66015625,Predicted
Grand Total,2022,20165217.010742188,Predicted
Grand Total,2023,24255287.826171875,Predicted
Grand Total,2024,30591685.102539062,Predicted
Grand Total,2025,39174408.84472656,Predicted
Grand Total,2026,50003459.04785156,Predicted
Grand Total,2027,63078835.71582031,Predicted
Grand Total,2028,78400538.84570312,Predicted
